userHash (S),currentLocation (S),education1location (S),education1name (S),education2location (S),education2name (S),education3location (S),education3name (S),gender (S),hometown (S),language1 (S),language2 (S),language3 (S),otherLocation1 (S),otherLocation2 (S),work1location (S),work1name (S),work1role (S),work2location (S),work2name (S),work2role (S),work3location (S),work3name (S),work3role (S),work4location (S),work4name (S),work4role (S)
-318129462,NULL,NULL,NULL,NULL,NULL,NULL,NULL,Female,NULL,English,NULL,NULL,NULL,NULL,NULL,NULL,NULL,NULL,NULL,NULL,NULL,NULL,NULL,NULL,NULL,NULL
635926102,NULL,"Redmond, Washington",Redmond High School,"Redmond, Washington",University of Washington,NULL,NULL,Male,NULL,NULL,NULL,NULL,NULL,NULL,"Seattle, Washington",Amazon.com,Software Developer,"San Jose, CA",Cisco,Software Engineering Intern,"Seattle, WA",Seattle Youth Symphony Orchestra,Data entry clerk,NULL,NULL,NULL
-1748993256,NULL,NULL,NULL,NULL,NULL,NULL,NULL,Female,NULL,NULL,NULL,NULL,NULL,NULL,NULL,NULL,NULL,NULL,NULL,NULL,NULL,NULL,NULL,NULL,NULL,NULL
-1318276747,Princeton,NULL,NULL,NULL,NULL,NULL,NULL,Female,NULL,NULL,NULL,NULL,NULL,NULL,NULL,NULL,NULL,NULL,NULL,NULL,NULL,NULL,NULL,NULL,NULL,NULL
2109566321,NULL,"Redmond, WA",Redmond High School,"Redmond, WA",Princeton University,NULL,NULL,Female,"Sammamish, WA",English,Spanish,Tamil,NULL,NULL,NULL,NULL,NULL,NULL,NULL,NULL,NULL,NULL,NULL,NULL,NULL,NULL
703360588,"Newark, New Jersey","Princeton, New Jersey",Princeton University,"Princeton, New Jersey",Delbarton School,NULL,NULL,Male,"Newark, New Jersey",American English,Spanish (language),PortuguÌ»s (idioma,NULL,NULL,NULL,Delbarton School,NULL,NULL,NULL,NULL,NULL,NULL,NULL,NULL,NULL,NULL
1485251441,NULL,NULL,NULL,NULL,NULL,NULL,NULL,Female,NULL,NULL,NULL,NULL,NULL,NULL,NULL,NULL,NULL,NULL,NULL,NULL,NULL,NULL,NULL,NULL,NULL,NULL
910383910,"Princeton, New Jersey ","Alpharetta, GA ",Johns Creek High School,"Alpharetta, GA ",Princeton University ,NULL,NULL,Female,"Johns Creek, Georgia ",NULL,NULL,NULL,NULL,NULL,NULL,NULL,NULL,NULL,NULL,NULL,NULL,NULL,NULL,NULL,NULL,NULL
-2031062911,"New Haven, CT","New Haven, CT",Yale University,"New Haven, CT",NULL,NULL,NULL,Female,"Redmond, WA",NULL,NULL,NULL,NULL,NULL,NULL,NULL,NULL,NULL,NULL,NULL,NULL,NULL,NULL,NULL,NULL,NULL
-2024984007,"Basking Ridge, New Jersey","Princeton, New Jersey",Princeton University,"Princeton, New Jersey",NULL,NULL,NULL,Male,"Basking Ridge, New Jersey",NULL,NULL,NULL,NULL,NULL,NULL,NULL,NULL,NULL,NULL,NULL,NULL,NULL,NULL,NULL,NULL,NULL
-1428200504,NULL,NULL,NULL,NULL,NULL,NULL,NULL,NULL,NULL,NULL,NULL,NULL,NULL,NULL,NULL,NULL,NULL,NULL,NULL,NULL,NULL,NULL,NULL,NULL,NULL,NULL
1710664902,"Concord, NH","Princeton, New Jersey",Princeton University,"Princeton, New Jersey",Concord Senior High,"Concord, New Hampshire",St. Paul's School ASP,Male,"Dhaka, Bangladesh",NULL,NULL,NULL,NULL,NULL,NULL,NULL,NULL,NULL,NULL,NULL,NULL,NULL,NULL,NULL,NULL,NULL
1078853989,"Princeton, NJ",NULL,Princeton University,NULL,NULL,NULL,NULL,Male,"Essex Junction, VT",NULL,NULL,NULL,NULL,NULL,NULL,NULL,NULL,NULL,NULL,NULL,NULL,NULL,NULL,NULL,NULL,NULL
-939716385,Singapore,NULL,NULL,NULL,NULL,NULL,NULL,Male,"Chennai, India",American English,Pig Latin,Tamil Language,NULL,NULL,NULL,NULL,NULL,NULL,NULL,NULL,NULL,NULL,NULL,NULL,NULL,NULL
1191446084,"Arcadia, CA","Princeton, New Jersey",Princeton University,"Princeton, New Jersey",Westridge School,NULL,NULL,Female,"Arcadia, CA",NULL,NULL,NULL,NULL,NULL,NULL,NULL,NULL,NULL,NULL,NULL,NULL,NULL,NULL,NULL,NULL,NULL
1451472276,NULL,"Edison, New Jersey",Edison High School,"Edison, New Jersey",Princeton University,NULL,NULL,Female,NULL,Hindi,Spanish,Sindhi,NULL,NULL,NULL,NULL,NULL,NULL,NULL,NULL,NULL,NULL,NULL,NULL,NULL,NULL
-1984732697,NULL,NULL,NULL,NULL,NULL,NULL,NULL,Female,NULL,NULL,NULL,NULL,NULL,NULL,NULL,NULL,NULL,NULL,NULL,NULL,NULL,NULL,NULL,NULL,NULL,NULL
-273327,Princeton ,NULL,NULL,NULL,NULL,NULL,NULL,Male,NULL,English,NULL,NULL,NULL,NULL,NULL,NULL,NULL,NULL,NULL,NULL,NULL,NULL,NULL,NULL,NULL,NULL
759328507,NULL,"Princeton, New Jersey",Princeton University,"Princeton, New Jersey",Allendale Columbia School,NULL,NULL,Male,NULL,American English,English Language,Urdu,NULL,NULL,NULL,NULL,NULL,NULL,NULL,NULL,NULL,NULL,NULL,NULL,NULL,NULL
440203909,NULL,NULL,NULL,NULL,NULL,NULL,NULL,Female,NULL,NULL,NULL,NULL,NULL,NULL,NULL,NULL,NULL,NULL,NULL,NULL,NULL,NULL,NULL,NULL,NULL,NULL
-623475636,NULL,NULL,Princeton University,NULL,NULL,NULL,NULL,Female,NULL,NULL,NULL,NULL,NULL,NULL,NULL,NULL,NULL,NULL,NULL,NULL,NULL,NULL,NULL,NULL,NULL,NULL
735601391,"Manila, Philippines",NULL,Princeton University,NULL,NULL,NULL,NULL,Female,"Manila, Philippines",English,NULL,NULL,NULL,NULL,NULL,NULL,NULL,NULL,NULL,NULL,NULL,NULL,NULL,NULL,NULL,NULL
2044433857,NULL,NULL,NULL,NULL,NULL,NULL,NULL,Female,NULL,NULL,NULL,NULL,NULL,NULL,NULL,NULL,NULL,NULL,NULL,NULL,NULL,NULL,NULL,NULL,NULL,NULL
1522473131,NULL,NULL,NULL,NULL,NULL,NULL,NULL,Female,NULL,NULL,NULL,NULL,NULL,NULL,NULL,NULL,NULL,NULL,NULL,NULL,NULL,NULL,NULL,NULL,NULL,NULL
443533532,NULL,NULL,NULL,NULL,NULL,NULL,NULL,Female,NULL,NULL,NULL,NULL,NULL,NULL,NULL,NULL,NULL,NULL,NULL,NULL,NULL,NULL,NULL,NULL,NULL,NULL
1614211993,"Long Valley, NJ",NULL,Princeton University,NULL,NULL,NULL,NULL,Male,NULL,American English,NULL,NULL,NULL,NULL,NULL,NULL,NULL,NULL,NULL,NULL,NULL,NULL,NULL,NULL,NULL,NULL
-1770342142,NULL,"Princeton, NJ",Princeton University,"Princeton, NJ",NULL,NULL,NULL,Female,NULL,NULL,NULL,NULL,NULL,NULL,NULL,NULL,NULL,NULL,NULL,NULL,NULL,NULL,NULL,NULL,NULL,NULL
982884305,"Dubai, United Arab Emirates","Princeton, United States",Princeton University,"Princeton, United States",Dubai College,NULL,NULL,Female,"Mumbai, Maharashtra",NULL,NULL,NULL,NULL,NULL,"Boston, United States",Google,Software Engineering Intern,NULL,NULL,NULL,NULL,NULL,NULL,NULL,NULL,NULL
-1174051134,"Cupertino, CA","Princeton, New Jersey",Princeton University,"Princeton, New Jersey",Monta Vista High School,NULL,NULL,Male,NULL,NULL,NULL,NULL,NULL,NULL,NULL,NULL,NULL,NULL,NULL,NULL,NULL,NULL,NULL,NULL,NULL,NULL
-586553587,NULL,NULL,UC Berkeley,NULL,NULL,NULL,NULL,Male,Sammamish,English,NULL,NULL,NULL,NULL,NULL,NULL,NULL,NULL,NULL,NULL,NULL,NULL,NULL,NULL,NULL,NULL
2145402863,NULL,"Princeton, New Jersey",Princeton University,"Princeton, New Jersey",NULL,NULL,NULL,Female,NULL,NULL,NULL,NULL,NULL,NULL,NULL,NULL,NULL,NULL,NULL,NULL,NULL,NULL,NULL,NULL,NULL,NULL
1778242259,"Prospect, KY",NULL,Princeton University,NULL,NULL,NULL,NULL,Female,"Karachi, Pakistan",Urdu,English,Sindhi,NULL,NULL,NULL,NULL,NULL,NULL,NULL,NULL,NULL,NULL,NULL,NULL,NULL,NULL
1881886493,NULL,NULL,NULL,NULL,NULL,NULL,NULL,Female,NULL,NULL,NULL,NULL,NULL,NULL,NULL,NULL,NULL,NULL,NULL,NULL,NULL,NULL,NULL,NULL,NULL,NULL
2126603299,"Princeton, NJ","Princeton, NJ",Princeton University,"Princeton, NJ",Oklahoma School of Science and Mathematics,"OKC, OK",Classen School of Advanced Studies,Male,"Edmond, OK",English,NULL,NULL,NULL,NULL,"NYC, NY",Shade,Electrical Engineering Intern,"Philadelphia, PA",Root,Hardware Engineer,NULL,NULL,NULL,NULL,NULL,NULL
1609917861,NULL,NULL,Princeton University,NULL,NULL,NULL,NULL,Female,"Chicago, Illinois",NULL,NULL,NULL,NULL,NULL,NULL,NULL,NULL,NULL,NULL,NULL,NULL,NULL,NULL,NULL,NULL,NULL
131689663,NULL,NULL,NULL,NULL,NULL,NULL,NULL,Female,NULL,NULL,NULL,NULL,NULL,NULL,NULL,NULL,NULL,NULL,NULL,NULL,NULL,NULL,NULL,NULL,NULL,NULL
-341412454,"Princeton, New Jersey","Princeton, New Jersey",Princeton University,"Princeton, New Jersey",Middleton High School,NULL,NULL,Male,"Middleton, Wisconsin",French,English,Odia,"Ann Arbor, Michigan","Strasbourg, France",NULL,Heid Music Madison,Sales Associate,NULL,NULL,NULL,NULL,NULL,NULL,NULL,NULL,NULL
-1133466860,"Franklin Park, New Jersey",NULL,NULL,NULL,NULL,NULL,NULL,Female,"Pune, Maharashtra",NULL,NULL,NULL,NULL,NULL,NULL,NULL,NULL,NULL,NULL,NULL,NULL,NULL,NULL,NULL,NULL,NULL
163150598,NULL,"Seattle, Washington",University of Washington,"Seattle, Washington",University of Washington,NULL,NULL,Male,NULL,NULL,NULL,NULL,NULL,NULL,"New York, New York",Goldman Sachs,Summer Analyst,"Seattle, Washington",University of Washington Computer Science & Engineering Department,Teaching assistant,"Hillsboro, Oregon",Intel,Product Development Engineer Intern,"Everett, Washington",Workforce Snohomish,Bank of America Student Leader Intern
1060677525,"Princeton, New Jersey","Princeton, New Jersey",Princeton University,"Princeton, New Jersey",Bellarmine College Preparatory,NULL,NULL,Male,"San Jose, California",English,Hindi,Spanish,NULL,NULL,NULL,NULL,NULL,NULL,NULL,NULL,NULL,NULL,NULL,NULL,NULL,NULL
1832382593,"Sammamish, WA",India,"College of Engineering, Guindy, Anna University",India,The Ohio State University,"Chennai, India",Lady M.CT.M. School,Female,"Chennai, India",NULL,NULL,NULL,NULL,NULL,NULL,NULL,NULL,NULL,NULL,NULL,NULL,NULL,NULL,NULL,NULL,NULL
2098490663,Basking Ridge,Basking Ridge,Ridge High School,Basking Ridge,Princeton University,NULL,NULL,Female,College Station,NULL,NULL,NULL,NULL,NULL,NULL,NULL,NULL,NULL,NULL,NULL,NULL,NULL,NULL,NULL,NULL,NULL
-433059723,"Witney, Oxfordshire","Princeton, New Jersey",Princeton University,"Princeton, New Jersey",Henry Box,NULL,NULL,Male,"Witney, Oxfordshire",English Language,NULL,NULL,NULL,NULL,NULL,NULL,NULL,NULL,NULL,NULL,NULL,NULL,NULL,NULL,NULL,NULL
-1398194674,NULL,"Princeton, New Jersey",Princeton University,"Princeton, New Jersey",Randolph School,NULL,NULL,Male,"Huntsville, Alabama",NULL,NULL,NULL,NULL,NULL,NULL,NULL,NULL,NULL,NULL,NULL,NULL,NULL,NULL,NULL,NULL,NULL
998940495,NULL,NULL,Princeton University,NULL,Upper Arlington High School,NULL,NULL,Male,NULL,Mandarin Chinese,English,Spanish,NULL,NULL,NULL,NULL,NULL,NULL,NULL,NULL,NULL,NULL,NULL,NULL,NULL,NULL
-683297031,Princeton,NULL,Princeton University,NULL,NULL,NULL,NULL,Female,NULL,NULL,NULL,NULL,NULL,NULL,NULL,NULL,NULL,NULL,NULL,NULL,NULL,NULL,NULL,NULL,NULL,NULL
-1003055294,NULL,"Princeton, NJ",Princeton University,"Princeton, NJ",NULL,NULL,NULL,Male,"White Plains, NY",NULL,NULL,NULL,NULL,NULL,NULL,NULL,NULL,NULL,NULL,NULL,NULL,NULL,NULL,NULL,NULL,NULL
824714297,"Berkeley, California",NULL,UC Berkeley,NULL,NULL,NULL,NULL,Female,"Hyderabad, India",NULL,NULL,NULL,NULL,NULL,NULL,NULL,NULL,NULL,NULL,NULL,NULL,NULL,NULL,NULL,NULL,NULL
65960819,NULL,NULL,Princeton University,NULL,NULL,NULL,NULL,Female,NULL,NULL,NULL,NULL,NULL,NULL,NULL,NULL,NULL,NULL,NULL,NULL,NULL,NULL,NULL,NULL,NULL,NULL
-648252633,"Princeton, New Jersey","Princeton, New Jersey",Princeton University,"Princeton, New Jersey",Montgomery High School,"Piscataway, New Jersey",New Jersey Governor's School of Engineering and Technology,NULL,"Montgomery, New Jersey",English,Mandarin Chinese,Spanish,NULL,NULL,"Cambridge, Massachusetts",Harvard-MIT HST Summer Institute for Biomedical Informatics,Summer Undergraduate Research Fellowship,"Newark, New Jersey",Rutgers New Jersey Medical School,NULL,"Piscataway, New Jersey",Rutgers Physics & Astronomy,NULL,NULL,NULL,NULL
-217040679,"Princeton, NJ",NULL,Bronx High School of Science,NULL,Princeton University,NULL,NULL,Female,"New York, NY",English,Bengali,NULL,NULL,NULL,NULL,NULL,NULL,NULL,NULL,NULL,NULL,NULL,NULL,NULL,NULL,NULL
1425673437,"Princeton, NJ","Edison, NJ",JP Stevens High School,"Edison, NJ",Princeton University,NULL,NULL,Female,"Edison, NJ",English,French,NULL,NULL,NULL,NULL,NULL,NULL,NULL,NULL,NULL,NULL,NULL,NULL,NULL,NULL,NULL
2097789847,NULL,NULL,NULL,NULL,NULL,NULL,NULL,NULL,NULL,NULL,NULL,NULL,NULL,NULL,NULL,NULL,NULL,NULL,NULL,NULL,NULL,NULL,NULL,NULL,NULL,NULL
-359979585,NULL,"Princeton, New Jersey",Princeton University ,"Princeton, New Jersey",Brooklyn Technical High School,NULL,NULL,Female,"Brooklyn, New York",Cantonese,English,NULL,NULL,NULL,NULL,NULL,NULL,NULL,NULL,NULL,NULL,NULL,NULL,NULL,NULL,NULL
771887276,Virginia,"Princeton, NJ",Princeton,"Princeton, NJ",NULL,NULL,NULL,Male,NULL,English,NULL,NULL,NULL,NULL,NULL,NULL,NULL,NULL,NULL,NULL,NULL,NULL,NULL,NULL,NULL,NULL
-1802698488,NULL,NULL,NULL,NULL,NULL,NULL,NULL,NULL,Beijing,NULL,NULL,NULL,NULL,NULL,NULL,NULL,NULL,NULL,NULL,NULL,NULL,NULL,NULL,NULL,NULL,NULL
213200086,"Princeton, NJ","Lawrenceville, NJ",The Lawrenceville School,"Lawrenceville, NJ",Princeton University,NULL,NULL,Male,"Princeton, NJ",English,Telegu,NULL,NULL,NULL,NULL,Kinetic,Electrical Engineering Intern,NULL,NULL,NULL,NULL,NULL,NULL,NULL,NULL,NULL
-369200011,NULL,NULL,NULL,NULL,NULL,NULL,NULL,Male,NULL,NULL,NULL,NULL,NULL,NULL,NULL,NULL,NULL,NULL,NULL,NULL,NULL,NULL,NULL,NULL,NULL,NULL
-1932883695,"Sunnyvale, California","San Luis Obispo, CA",California Polytechnic State University (Cal Poly),"San Luis Obispo, CA",Redmond High School,NULL,NULL,Male,"Federal Way, Washington",English,NULL,NULL,NULL,NULL,"Cupertino, CA",Apple,Software Engineering Intern,"San Luis Obispo, CA",Rosetta,Creative Engineering Intern,NULL,NULL,NULL,NULL,NULL,NULL
-1254867316,"San Jose, CA",NULL,Princeton University,NULL,NULL,NULL,NULL,Male,NULL,English,NULL,NULL,NULL,NULL,NULL,NULL,NULL,NULL,NULL,NULL,NULL,NULL,NULL,NULL,NULL,NULL
-1168182452,"Princeton, NJ","Princeton, NJ",Princeton University,"Princeton, NJ",NULL,NULL,NULL,Male,"Marlboro, NJ",English,Cantonese,NULL,"New York, NY","Redwood City, CA",NULL,AngelList,Product and Engineering Intern,"New York, New York",Two Sigma,Venture Intern,"New York, New York",Dorm Room Fund,Partner,NULL,NULL,NULL
-1635331914,NULL,"Highlands Ranch, CO",Mountain Vista High School,"Highlands Ranch, CO",Princeton Univeristy,NULL,NULL,Female,"Highlands Ranch, CO",NULL,NULL,NULL,NULL,NULL,NULL,NULL,NULL,NULL,NULL,NULL,NULL,NULL,NULL,NULL,NULL,NULL
1932678909,NULL,Seattle,University of Washington,Seattle,NULL,NULL,NULL,Female,NULL,NULL,NULL,NULL,NULL,NULL,Google Life Sciences,University of Washington School of Medicine,Research assistant,Intern,SWE Intern,Google,NULL,NULL,NULL,NULL,NULL,NULL
1146637687,NULL,NULL,Villanova University,NULL,Bernards High School,NULL,NULL,Female,"Bedminster, New Jersey",English,NULL,NULL,NULL,NULL,NULL,NULL,NULL,NULL,NULL,NULL,NULL,NULL,NULL,NULL,NULL,NULL
-1318461357,"Princeton, NJ","Scottsdale, AZ",Chaparral High School,"Scottsdale, AZ",Princeton University,NULL,NULL,Female,"Phoenix, AZ",English,Spanish,Hindi,NULL,NULL,"Williamstown, MA",Overland Summers,Trip Leader,"New York, NY",The New York Public Library,Data Analyst Intern,"Varanasi, India",NIRMAN - The Southpoint School,Teacher,NULL,NULL,NULL
-1795942317,Princeton,Princeton,Princeton University,Princeton,NULL,NULL,NULL,Female,Herndon,NULL,NULL,NULL,NULL,NULL,NULL,NULL,NULL,NULL,NULL,NULL,NULL,NULL,NULL,NULL,NULL,NULL
1114831908,"Princeton, New Jersey","Boston, Massachusetts",Boston Latin School,"Boston, Massachusetts",Princeton University,NULL,NULL,Female,"Merida, Venezuela",English,Spanish,NULL,"Boston, Massachusetts",NULL,NULL,NULL,NULL,NULL,NULL,NULL,NULL,NULL,NULL,NULL,NULL,NULL
-1719961888,NULL,NULL,NULL,NULL,NULL,NULL,NULL,Female,NULL,NULL,NULL,NULL,NULL,NULL,NULL,NULL,NULL,NULL,NULL,NULL,NULL,NULL,NULL,NULL,NULL,NULL
-951502065,NULL,"Princeton, New Jersey",Princeton University,"Princeton, New Jersey",NULL,NULL,NULL,Female,NULL,NULL,NULL,NULL,NULL,NULL,"New York, New York",Dorm Room Fund,Managing Partner,NULL,NULL,NULL,NULL,NULL,NULL,NULL,NULL,NULL
-1245150496,"Princeton, New Jersey",NULL,NULL,NULL,NULL,NULL,NULL,Female,"East Brunswick, New Jersey",NULL,NULL,NULL,NULL,NULL,NULL,NULL,NULL,NULL,NULL,NULL,NULL,NULL,NULL,NULL,NULL,NULL
2125758366,"Princeton, NJ","Westlake Village, CA",Westlake High School,"Westlake Village, CA",Princeton University,NULL,NULL,Female,"Thousand Oaks, CA",English,Chinese,Spanish,"Sunnyvale, CA","Camarillo, CA","Mountain View, CA",Google,Engineering Practicum Intern,"Princeton, NJ",Cartful,Software Engineering Intern,NULL,NULL,NULL,NULL,NULL,NULL
-1094286809,"Robbinsville, NJ","Princeton, NJ",Princeton University,"Princeton, NJ",NULL,NULL,NULL,Female,"East Windsor, NJ",English,Punjabi,NULL,NULL,NULL,NULL,NULL,NULL,NULL,NULL,NULL,NULL,NULL,NULL,NULL,NULL,NULL
-96392003,Yardley,"Lawrenceville, NJ",The Lawrenceville School,"Lawrenceville, NJ",Princeton University,NULL,NULL,Male,Yardley,English,NULL,NULL,"Princeton, NJ",NULL,NULL,NULL,NULL,NULL,NULL,NULL,NULL,NULL,NULL,NULL,NULL,NULL
1062321464,NULL,NULL,NULL,NULL,NULL,NULL,NULL,Male,NULL,NULL,NULL,NULL,NULL,NULL,NULL,NULL,NULL,NULL,NULL,NULL,NULL,NULL,NULL,NULL,NULL,NULL
1986660120,NULL,NULL,NULL,NULL,NULL,NULL,NULL,NULL,NULL,NULL,NULL,NULL,NULL,NULL,NULL,NULL,NULL,NULL,NULL,NULL,NULL,NULL,NULL,NULL,NULL,NULL
-241722356,NULL,"Seattle, WA",Lakeside School,"Seattle, WA",Princeton University,NULL,NULL,Female,NULL,NULL,NULL,NULL,NULL,NULL,NULL,NULL,NULL,NULL,NULL,NULL,NULL,NULL,NULL,NULL,NULL,NULL
785678754,"Berkeley, CA","Berkeley, CA",UC Berkeley ,"Berkeley, CA",Downingtown STEM Academy,NULL,NULL,Male,"Chester Springs, Pennsylvania",NULL,NULL,NULL,NULL,NULL,"Berkeley, CA",Berkeley Institute for Data Science,Research Assistant,"San Francisco, CA",Blend,Data Engineering Intern,"San Francisco, CA",Slack ,Software Engineering Intern,"Berkeley, CA",Cal Hacks,Director
2066641629,NULL,"Princeton, New Jersey",Princeton University,"Princeton, New Jersey",NULL,NULL,NULL,Female,NULL,NULL,NULL,NULL,NULL,NULL,"New York, New York",Instagram,Software Engineering Intern,NULL,NULL,NULL,NULL,NULL,NULL,NULL,NULL,NULL
374295240,NULL,NULL,NULL,NULL,NULL,NULL,NULL,Female,NULL,NULL,NULL,NULL,NULL,NULL,NULL,Pinterest,NULL,NULL,NULL,NULL,NULL,NULL,NULL,NULL,NULL,NULL
1796031878,"Princeton, NJ","Princeton, NJ",Princeton University,"Princeton, NJ",The Lawrenceville School,"Princeton, NJ",Princeton Day School,Female,"Princeton,NJ",English,NULL,NULL,"West Windsor, NJ","Dix Hills, NY",New York City,New York Life,Intern,"Lawrenceville, NJ","Ankhor, Inc",Social Media Manager,"Chicago, IL",IguanaMed,Intern,NULL,NULL,NULL
-648221881,NULL,NULL,NULL,NULL,NULL,NULL,NULL,NULL,NULL,English,Mandarin Chinese,Spanish,NULL,NULL,NULL,NULL,NULL,NULL,NULL,NULL,NULL,NULL,NULL,NULL,NULL,NULL
-2013052842,NULL,NULL,Princeton University,NULL,Holy Names Academy,NULL,NULL,Female,"Bainbridge Island, Washington",English,Spanish,NULL,NULL,NULL,NULL,NULL,NULL,NULL,NULL,NULL,NULL,NULL,NULL,NULL,NULL,NULL
-1687855957,"Louisville, Mississippi","Princeton, New Jersey",Princeton University,"Princeton, New Jersey",The Mississippi School for Mathematics and Science,"Louisville, Mississippi",Winston Academy,Female,"Salt Lake City, Utah",English language,Gujarati (India),Hindi,"Ardmore, Oklahoma","Duncan, Oklahoma","New York, New York",Bloomberg LP,Software Engineering Intern,NULL,NULL,NULL,NULL,NULL,NULL,NULL,NULL,NULL
103282725,"Redmond, Washington","Seattle, Washington",University of Washington,"Seattle, Washington",Redmond High School,NULL,NULL,Male,"Redmond, Washington",NULL,NULL,NULL,"Pune, Maharashtra",NULL,"Seattle, Washington",University of Washington,CSE 351 Teaching Assistant,NULL,NULL,NULL,NULL,NULL,NULL,NULL,NULL,NULL
973286334,"Princeton, NJ","Jackson, NJ",Jackson Memorial High School,"Jackson, NJ",Princeton University,NULL,NULL,Female,"Jackson, NJ",English,Chinese,NULL,NULL,NULL,NULL,NULL,NULL,NULL,NULL,NULL,NULL,NULL,NULL,NULL,NULL,NULL
-1848364442,Princeton,"Princeton, NJ",Princeton University,"Princeton, NJ",NULL,NULL,NULL,Male,Mumbai,English,Hindi,NULL,NULL,NULL,NULL,Goldman Sachs,Trading Intern,NULL,NULL,NULL,NULL,NULL,NULL,NULL,NULL,NULL
-529733225,NULL,NULL,NULL,NULL,NULL,NULL,NULL,Male,NULL,NULL,NULL,NULL,NULL,NULL,NULL,NULL,NULL,NULL,NULL,NULL,NULL,NULL,NULL,NULL,NULL,NULL
-2060565105,"Princeton, NJ","Montville, NJ",MTHS,"Montville, NJ",Princeton University,NULL,NULL,Female,"Montville, NJ",English,Mandarin,NULL,NULL,NULL,"New York, NY",Palantir ,Intern,"New York, NY",Tumblr,Intern,"Murray Hill, NJ",Nokia,Intern,NULL,NULL,NULL
-767230508,NULL,NULL,NULL,NULL,NULL,NULL,NULL,NULL,NULL,NULL,NULL,NULL,NULL,NULL,NULL,NULL,NULL,NULL,NULL,NULL,NULL,NULL,NULL,NULL,NULL,NULL
-437617780,"Syosset, New York","Princeton, New Jersey",Princeton University,"Princeton, New Jersey",NULL,NULL,NULL,Female,"New York, New York",NULL,NULL,NULL,NULL,NULL,NULL,NULL,NULL,NULL,NULL,NULL,NULL,NULL,NULL,NULL,NULL,NULL
-1996060419,"Easley, South Carolina","Princeton, New Jersey",Princeton University,"Princeton, New Jersey",NULL,NULL,NULL,Male,"Florence, South Carolina",NULL,NULL,NULL,NULL,NULL,NULL,NULL,NULL,NULL,NULL,NULL,NULL,NULL,NULL,NULL,NULL,NULL
-738153134,NULL,NULL,NULL,NULL,NULL,NULL,NULL,Female,NULL,NULL,NULL,NULL,NULL,NULL,NULL,NULL,NULL,NULL,NULL,NULL,NULL,NULL,NULL,NULL,NULL,NULL
-1717522715,NULL,NULL,Princeton University,NULL,Thomas Jefferson High School for Science and Technology ,NULL,NULL,Male,"Herndon, VA",NULL,NULL,NULL,NULL,NULL,NULL,NULL,NULL,NULL,NULL,NULL,NULL,NULL,NULL,NULL,NULL,NULL
-215604469,"Princeton, New Jersey","Princeton, New Jersey",Princeton University,"Princeton, New Jersey",Torrey Pines High School,NULL,NULL,Male,NULL,English,Korean,NULL,NULL,NULL,"Bala Cynwyd, Pennsylvania","Susquehanna International Group, LLP",Trading Intern,"Lima, Peru",International Potato Center,Researcher,"Washington, District of Columbia",U.S. Department of Agriculture,Program Assistant,"San Diego, California",Stein Clinical Research,Researcher
-80232382,NULL,NULL,Gloucester Catholic,NULL,Princeton University,NULL,NULL,Female,"Collingswood, New Jersey",NULL,NULL,NULL,NULL,NULL,NULL,United Methodist Communities at Collingswood,Community Life Assistant,NULL,NULL,NULL,NULL,NULL,NULL,NULL,NULL,NULL
636947267,"Princeton, NJ",NULL,Princeton ,NULL,NULL,NULL,NULL,Female,"Oakland, CA",English,NULL,NULL,NULL,NULL,NULL,n/a,NULL,NULL,NULL,NULL,NULL,NULL,NULL,NULL,NULL,NULL
-1470642744,NULL,NULL,Princeton University ,NULL,NULL,NULL,NULL,Female,NULL,NULL,NULL,NULL,NULL,NULL,NULL,TimescaleDB,Intern,NULL,Princeton University ,Research assistant ,NULL,National Institute of Standards and Technology ,NULL,NULL,NULL,NULL
-2026896313,"Sacramento, CA",NULL,NULL,NULL,NULL,NULL,NULL,Female,"Sacramento, CA",NULL,NULL,NULL,NULL,NULL,NULL,NULL,NULL,NULL,NULL,NULL,NULL,NULL,NULL,NULL,NULL,NULL
1813666528,"Princeton, NJ","Princeton, New Jersey",Princeton University,"Princeton, New Jersey",Little Rock Central High School,NULL,NULL,Female,"Little Rock, AR",NULL,NULL,NULL,NULL,NULL,NULL,NULL,NULL,NULL,NULL,NULL,NULL,NULL,NULL,NULL,NULL,NULL
-585073540,"Princeton, NJ",NULL,Princeton University,NULL,Brentwood High School,NULL,NULL,Female,"Brentwood, TN",English,Malayalam,Latin,NULL,NULL,NULL,NULL,NULL,NULL,NULL,NULL,NULL,NULL,NULL,NULL,NULL,NULL
-765606960,"Princeton, NJ","Princeton, NJ",Princeton University,"Princeton, NJ",Taylor Allderdice High School,"Bangalore, India",The International School Bangalore,Male,"Pittsburgh, PA",English,Hindi,German,NULL,NULL,"Cupertino, CA",Amazon.com,Software Development Intern,"Redwood City, CA",GoFundMe,Engineering Intern,NULL,NULL,NULL,NULL,NULL,NULL
1185519956,"Princeton, New Jersey","Princeton, New Jersey",Princeton University,"Princeton, New Jersey",ETH ZÌ_rich,"Lincroft, New Jersey",High Technology High School,Male,"Holmdel, New Jersey",English,NULL,NULL,NULL,NULL,"New York City, New York",Facebook,Software Engineer Intern,"San Francisco, California",Airbnb,Software Engineer Intern,"San Francisco, California",Square,Software Engineer Intern,"Red Bank, New Jersey","DefinedLogic, LLC",Software Developer Intern
1831718899,"Northport, NY","Princeton, NJ",Princeton University,"Princeton, NJ",Regis High School,NULL,NULL,Male,"Northport, NY",English,NULL,NULL,NULL,NULL,NULL,Camp Nejeda Foundation,NULL,NULL,NULL,NULL,NULL,NULL,NULL,NULL,NULL,NULL
1553116195,"Princeton, NJ","New York, NY",The Collegiate School,"New York, NY",Princeton University,NULL,NULL,Male,"East Elmhurst, NY",English,Tamil,Telugu,NULL,NULL,NULL,NULL,NULL,NULL,NULL,NULL,NULL,NULL,NULL,NULL,NULL,NULL
-668971829,NULL,NULL,NULL,NULL,NULL,NULL,NULL,Female,NULL,NULL,NULL,NULL,NULL,NULL,NULL,NULL,NULL,NULL,NULL,NULL,NULL,NULL,NULL,NULL,NULL,NULL
1647470280,"Somerset, NJ","Princeton, NJ",Princeton University,"Princeton, NJ",NULL,NULL,NULL,Male,"Somerset, NJ",NULL,NULL,NULL,NULL,NULL,NULL,NULL,NULL,NULL,NULL,NULL,NULL,NULL,NULL,NULL,NULL,NULL
1960060685,"Princeton, NJ","Princeton, NJ",Princeton University,"Princeton, NJ",Louisburg High School,NULL,NULL,Male,"Louisburg, KS",English,Spanish,Chinese,NULL,NULL,NULL,NULL,NULL,NULL,NULL,NULL,NULL,NULL,NULL,NULL,NULL,NULL
1017078761,"Chicago, Illinois","Chicago, Illinois",The University of Chicago,"Chicago, Illinois",NULL,NULL,NULL,Female,NULL,NULL,NULL,NULL,NULL,NULL,NULL,NULL,NULL,NULL,NULL,NULL,NULL,NULL,NULL,NULL,NULL,NULL
193499525,"New York, New York",NULL,Princeton University,NULL,Horace Mann,NULL,NULL,Female,"Scarsdale, New York",NULL,NULL,NULL,NULL,NULL,NULL,Facebook,Product Design Intern,NULL,NULL,NULL,NULL,NULL,NULL,NULL,NULL,NULL
1078277001,Princeton,NULL,NULL,NULL,NULL,NULL,NULL,Female,Toronto,NULL,NULL,NULL,NULL,NULL,NULL,NULL,NULL,NULL,NULL,NULL,NULL,NULL,NULL,NULL,NULL,NULL
982964599,"Pebble Beach, California",NULL,NULL,NULL,NULL,NULL,NULL,Male,"Seoul, Korea",NULL,NULL,NULL,NULL,NULL,NULL,NULL,NULL,NULL,NULL,NULL,NULL,NULL,NULL,NULL,NULL,NULL
-311072531,"Edison, New Jersey",NULL,Princeton University,NULL,NULL,NULL,NULL,Female,"Kuala Lumpur, Malaysia",NULL,NULL,NULL,NULL,NULL,NULL,NULL,NULL,NULL,NULL,NULL,NULL,NULL,NULL,NULL,NULL,NULL
-2133985860,NULL,NULL,NULL,NULL,NULL,NULL,NULL,Female,NULL,NULL,NULL,NULL,NULL,NULL,NULL,NULL,NULL,NULL,NULL,NULL,NULL,NULL,NULL,NULL,NULL,NULL
-1657913443,"Berkeley, California",NULL,NULL,NULL,NULL,NULL,NULL,Female,"Redmond, Washington",NULL,NULL,NULL,NULL,NULL,NULL,NULL,NULL,NULL,NULL,NULL,NULL,NULL,NULL,NULL,NULL,NULL
288825560,NULL,NULL,NULL,NULL,NULL,NULL,NULL,Male,Sammamish,English,Telugu,Tamil,NULL,NULL,"Bellevue, WA",Sterling Talent Solutions,NULL,NULL,NULL,NULL,NULL,NULL,NULL,Self,NULL,NULL
505107284,NULL,"Princeton, New Jersey",Princeton University,"Princeton, New Jersey",Science Hill High School,"Knoxville, Tennessee",Tennessee Governor's School for the Sciences and Engineering,Female,NULL,NULL,NULL,NULL,NULL,NULL,"Durham, North Carolina",Duke TIP,Residential Counselor,NULL,NULL,NULL,NULL,NULL,NULL,NULL,NULL,NULL
1111278273,"Redmond, Washington",NULL,NULL,NULL,NULL,NULL,NULL,Female,NULL,NULL,NULL,NULL,NULL,NULL,NULL,NULL,NULL,NULL,NULL,NULL,NULL,NULL,NULL,NULL,NULL,NULL
804982625,NULL,NULL,Stuyvesant High School,NULL,Princeton University,NULL,NULL,Female,NULL,English,NULL,NULL,NULL,NULL,NULL,Spotify,NULL,NULL,NULL,NULL,NULL,NULL,NULL,NULL,NULL,NULL
-63177620,"Princeton, New Jersey",NULL,NULL,NULL,NULL,NULL,NULL,Male,"Rye, New York",NULL,NULL,NULL,NULL,NULL,NULL,NULL,NULL,NULL,NULL,NULL,NULL,NULL,NULL,NULL,NULL,NULL
-1213298041,Princeton ,NULL,NULL,NULL,NULL,NULL,NULL,Male,Hong Kong,English language,Cantonese ,Mandarin Chinese,NULL,NULL,NULL,NULL,NULL,NULL,NULL,NULL,NULL,NULL,NULL,NULL,NULL,NULL
-784534549,NULL,"Princeton, NJ",Princeton University ,"Princeton, NJ",Mount Saint Mary Academy ,NULL,NULL,Female,"Iselin, NJ",NULL,NULL,NULL,NULL,NULL,NULL,NULL,NULL,NULL,NULL,NULL,NULL,NULL,NULL,NULL,NULL,NULL
1800829388,"Princeton, NJ","Princeton, NJ",Princeton University,"Princeton, NJ",NULL,NULL,NULL,Female,"Endicott, NY",English,Kannada,NULL,NULL,NULL,NULL,NULL,NULL,NULL,NULL,NULL,NULL,NULL,NULL,NULL,NULL,NULL
-283915990,NULL,NULL,NULL,NULL,NULL,NULL,NULL,Female,NULL,NULL,NULL,NULL,NULL,NULL,NULL,NULL,NULL,NULL,NULL,NULL,NULL,NULL,NULL,NULL,NULL,NULL
1273615363,NULL,"Portland, OR",Westview High School,"Portland, OR",Oregon State University,NULL,NULL,Female,NULL,NULL,NULL,NULL,NULL,NULL,NULL,NULL,NULL,NULL,NULL,NULL,NULL,NULL,NULL,NULL,NULL,NULL